time_period,location,rainfall,mean_temperature,humidity,disease_cases,population
2000-01,delta,119.40241539018541,26.200302755912276,84.7661485685898,,1500000
2000-02,delta,97.94676188338502,29.24562309021586,82.74170460815215,,1500000
2000-03,delta,0.0,29.473327241613934,79.73826644504575,1694.0,1500000
2000-04,delta,207.92257715957493,30.011929645994137,76.55714640347986,1717.0,1500000
2000-05,delta,259.4582664919081,31.302779060815464,86.61261389767077,,1500000
2000-06,delta,433.39385683023056,27.16121818595049,84.73041788188097,6183.0,1500000
2000-07,delta,499.7724554643904,27.257303672788844,83.0744877164718,295.0,1500000
2000-08,delta,416.2437534118946,25.488680546489416,73.49152067209413,3871.0,1500000
2000-09,delta,255.49120557105883,24.83394915569394,80.53651803791601,,1500000
2000-10,delta,147.07346741406943,23.003984109067346,85.40883597307514,1633.0,1500000
2000-11,delta,78.34224935257629,24.063622010268134,81.64215512645062,355.0,1500000
2000-12,delta,35.32096327020176,26.51387970242594,74.09013485313601,426.0,1500000
2001-01,delta,27.251941773202624,27.600469984222823,82.8980497533941,497.0,1500000
2001-02,delta,51.11164247118065,27.91273939887105,85.25374880007614,251.0,1500000
2001-03,delta,48.71580679072261,30.943590319093282,71.02154180869823,558.0,1500000
2001-04,delta,130.05171476421728,30.904732029340984,78.24130216626466,,1500000
2001-05,delta,285.95325004843954,29.42965313822197,81.77922888156219,1278.0,1500000
2001-06,delta,440.9441258046424,30.342672453650806,71.40412448989699,1193.0,1500000
2001-07,delta,467.1014042062851,26.052391315151922,82.66888478502847,10721.0,1500000
2001-08,delta,394.6657004315454,25.255641507164377,70.79285348165658,7359.0,1500000
2001-09,delta,256.1555455643263,22.628261661707725,77.4990449455066,,1500000
2001-10,delta,151.18176533032434,22.964555600984394,83.38610736946944,1677.0,1500000
2001-11,delta,3.2198956828857064,23.045488958395556,77.58143186405206,1064.0,1500000
2001-12,delta,19.22372531763401,23.994055999165884,77.98892650274419,295.0,1500000
2002-01,delta,58.54353604948103,28.712431173931417,89.40727434980336,37.0,1500000
2002-02,delta,25.29595782182439,28.939174125938287,76.33166475401224,334.0,1500000
2002-03,delta,74.92652017693783,30.03609700861708,86.16955437078542,1476.0,1500000
2002-04,delta,172.21749981609696,31.609536595030704,79.24266510490848,959.0,1500000
2002-05,delta,212.87822735827433,30.90453354530472,76.07731645626282,2111.0,1500000
2002-06,delta,349.67413134844855,28.510593855654683,75.42382106412325,4390.0,1500000
2002-07,delta,535.7544598794428,27.178977476532594,72.68477075884036,1418.0,1500000
2002-08,delta,389.8631050383364,26.309493506323868,71.56402287119172,7165.0,1500000
2002-09,delta,240.3001578131036,22.27909789482402,77.36240476965905,14492.0,1500000
2002-10,delta,89.19988181212955,23.7801925124397,75.58427804888545,1978.0,1500000
2002-11,delta,77.49082545066189,23.313904541397356,78.3719694347483,305.0,1500000
2002-12,delta,0.0,24.303188890771942,74.98052258155758,87.0,1500000
2003-01,delta,37.890206221974886,27.150326683354542,82.87573674222101,380.0,1500000
2003-02,delta,18.97055447045375,28.38590437252362,76.03291106619741,260.0,1500000
2003-03,delta,101.90527725606646,30.21808802894057,80.9984359918771,1840.0,1500000
2003-04,delta,103.18515358732466,31.15709546629458,73.72250192870702,1192.0,1500000
2003-05,delta,252.55331856798125,30.943220913173256,80.43206995952787,4242.0,1500000
2003-06,delta,380.03748518406985,29.44740497049836,78.81427070696547,2249.0,1500000
2003-07,delta,534.2867813491396,27.511441566578046,74.50760521720714,2670.0,1500000
2003-08,delta,418.1370036024435,24.770770691919004,86.69680636226585,8202.0,1500000
2003-09,delta,245.09675403913943,24.074741916361496,78.7630400763593,5302.0,1500000
2003-10,delta,148.57693714972723,22.157201340877037,79.08195188818628,3292.0,1500000
2003-11,delta,107.51093227237561,24.271368758253782,75.79065225465082,300.0,1500000
2003-12,delta,0.0,25.42917420433163,78.69976483991036,365.0,1500000
2004-01,delta,0.0,27.08608588480157,83.34560871571398,270.0,1500000
2004-02,delta,75.02570467637716,28.94528295559858,86.30690378438368,213.0,1500000
2004-03,delta,58.46987155489782,31.098268400535304,79.94728258243802,162.0,1500000
2004-04,delta,102.6255752496905,30.595973362067387,77.43908589494099,1803.0,1500000
2004-05,delta,359.4284961313458,31.730515419288054,83.51316711248651,1207.0,1500000
2004-06,delta,432.5935241496374,28.72880401182443,76.09260488860922,2637.0,1500000
2004-07,delta,496.20322782005314,27.78875996135679,84.85415150217298,3358.0,1500000
2004-08,delta,387.9943946207062,25.39936937140179,74.21739198062,35585.0,1500000
2004-09,delta,286.04834849003237,23.864404883960468,81.52869506507903,22050.0,1500000
2004-10,delta,120.0659939225079,24.328962462035324,84.89292766885022,2486.0,1500000
2004-11,delta,24.8204987612677,23.403218449220045,79.35619441941208,1674.0,1500000
2004-12,delta,7.101826691310521,26.354133747208284,79.59070567441624,147.0,1500000
2005-01,delta,5.940217250570392,27.27254971365183,76.12673958029856,110.0,1500000
2005-02,delta,98.44120696950306,28.83097384904443,80.61530002047193,366.0,1500000
2005-03,delta,112.87122970191326,30.528267040678934,85.22201208155079,1034.0,1500000
2005-04,delta,133.55497987722254,30.623936832853307,79.93669389290278,2899.0,1500000
2005-05,delta,383.4037905508759,30.374966431070376,81.50074638735612,2640.0,1500000
2005-06,delta,403.57487572595653,29.485917776051256,84.00693697288763,4906.0,1500000
2005-07,delta,496.07457144339895,26.70368889368225,74.872159942492,17927.0,1500000
2005-08,delta,423.485718003631,24.992522170872252,79.12589713218557,2920.0,1500000
2005-09,delta,264.77587586906884,23.593784610275325,75.67975736076004,8552.0,1500000
2005-10,delta,91.84528866713981,24.179881681255214,81.31023233687112,2595.0,1500000
2005-11,delta,0.0,22.839461386411777,77.02090912666341,1880.0,1500000
2005-12,delta,55.99257760599625,25.84296313409606,80.02859423103435,211.0,1500000
2006-01,delta,104.96275798299413,26.84971829227365,74.73147634208502,124.0,1500000
2006-02,delta,49.67464070020969,28.231098386731162,72.91587902902373,561.0,1500000
2006-03,delta,35.679205198770006,30.769840091265433,80.9653985057434,946.0,1500000
2006-04,delta,79.05416299777082,29.348224214492653,78.51496234020269,482.0,1500000
2006-05,delta,302.56486989817023,31.257169107536107,83.68035714254088,1375.0,1500000
2006-06,delta,361.97070270781586,28.358635297246263,78.10066179552113,1038.0,1500000
2006-07,delta,545.0889987244125,28.14903515767384,82.39239343029296,2170.0,1500000
2006-08,delta,420.0901832521572,25.263196487418384,79.1962212326582,9148.0,1500000
2006-09,delta,243.57786699730173,22.30788432069385,86.23227227119816,12725.0,1500000
2006-10,delta,100.49389645692101,23.69412174603178,77.36678818874775,765.0,1500000
2006-11,delta,78.30466340535318,22.814736172437108,84.27700364476368,1333.0,1500000
2006-12,delta,46.44697297147156,24.95952365039964,77.92097330274001,94.0,1500000
2007-01,delta,64.50136025259445,26.727428089338947,76.91202437073284,366.0,1500000
2007-02,delta,57.77031070964419,29.543722333017467,74.37917505764426,154.0,1500000
2007-03,delta,92.65689698296292,29.39285056243256,82.49833415619091,1193.0,1500000
2007-04,delta,180.78743317442542,31.462623334810814,83.26177206503208,2050.0,1500000
2007-05,delta,249.22146845151983,29.50565870621012,81.84054761081435,2257.0,1500000
2007-06,delta,388.00734893599764,28.174257334292275,78.10962751226272,1089.0,1500000
2007-07,delta,480.41699357395777,28.173900329733357,81.27747540786477,1979.0,1500000
2007-08,delta,420.62121748057143,25.516398813184637,80.69700111636215,,1500000
2007-09,delta,268.01427106827697,23.550513993914034,79.18340116622,6445.0,1500000
2007-10,delta,168.31897879896087,24.575765504638508,82.76126695222153,3965.0,1500000
2007-11,delta,84.4165541378636,24.121678029985848,82.72610512790975,219.0,1500000
2007-12,delta,40.831016798783956,26.733138861209667,88.6151295716807,,1500000
2008-01,delta,0.8758840806749006,26.246996416211104,76.05618878553648,549.0,1500000
2008-02,delta,0.0,28.24467316626884,80.06522863943006,153.0,1500000
2008-03,delta,109.73234684614391,31.078974935699872,79.5070701448098,144.0,1500000
2008-04,delta,126.06357811937939,30.659084263553268,80.4593411132877,898.0,1500000
2008-05,delta,291.86371990223523,32.06115575180044,76.36556083085414,3381.0,1500000
2008-06,delta,435.10486473872635,29.3799253122413,80.59685144365979,3759.0,1500000
2008-07,delta,435.9499986974492,26.62658372224333,76.36959022489353,4030.0,1500000
2008-08,delta,448.53573148941535,24.889960960316483,82.85940508059436,11734.0,1500000
2008-09,delta,225.65911628156428,23.678009273467936,82.78283838351322,12807.0,1500000
2008-10,delta,198.8502855870804,24.78999372416095,81.16567347171868,8593.0,1500000
2008-11,delta,81.29360490674549,24.920834697775717,86.51994799915812,859.0,1500000
2008-12,delta,72.54496241547845,26.099137661788447,81.61401107075426,1259.0,1500000
2009-01,delta,23.492838385780804,25.717554062166876,64.80712011126646,188.0,1500000
2009-02,delta,0.9784308473749377,29.53063183522121,82.26368390251245,183.0,1500000
2009-03,delta,85.39794599803278,30.264354470365852,86.21861163849562,,1500000
2009-04,delta,155.93102567680643,31.02699493572806,75.7358005917891,903.0,1500000
2009-05,delta,227.31946483727674,29.300039241011117,74.53243151857106,4895.0,1500000
2009-06,delta,396.1772120307818,29.430731482626943,86.60632545815334,1573.0,1500000
2009-07,delta,485.7240883217734,26.62136020842653,80.32062427292637,6055.0,1500000
2009-08,delta,410.2406180930391,25.201587930379823,81.56758402882349,6092.0,1500000
2009-09,delta,211.089881516885,23.652208971090122,76.26716567768867,9861.0,1500000
2009-10,delta,119.47453294752535,21.73426912595081,79.49362074051672,4760.0,1500000
2009-11,delta,53.234230004817285,23.527418769850968,78.33776399697238,64.0,1500000
2009-12,delta,115.30455194552556,25.93852396083304,83.03410479988172,136.0,1500000
2000-01,highland,0.0,26.41148829942429,82.69154897238975,,1500000
2000-02,highland,29.038875349811832,28.51173596509573,79.23077792686861,,1500000
2000-03,highland,16.05727539795386,30.512155704419964,86.34692727056398,,1500000
2000-04,highland,130.82235312952307,31.972652043848157,76.2503281870233,1644.0,1500000
2000-05,highland,299.1473157626786,30.15350695716462,81.80806762751916,4139.0,1500000
2000-06,highland,500.3482784389118,27.67088804273053,82.15355855016917,5941.0,1500000
2000-07,highland,414.6145745105176,28.414960974753235,73.39369476589935,3029.0,1500000
2000-08,highland,404.14959445723724,25.57500521563283,83.00242653278883,8467.0,1500000
2000-09,highland,279.85314987726144,24.370390576058487,78.25930140955515,16702.0,1500000
2000-10,highland,108.22671910491384,22.97159201615437,77.66716444184341,1145.0,1500000
2000-11,highland,49.54700519577563,23.253583517245296,75.20046262920259,410.0,1500000
2000-12,highland,73.34783409615925,26.036545740457548,79.51794802579163,139.0,1500000
2001-01,highland,39.20805211341013,26.631292056589874,76.1448241382693,143.0,1500000
2001-02,highland,55.63925278156159,29.722013959947212,78.82268843602048,185.0,1500000
2001-03,highland,46.4847914571633,30.182190620770214,78.84259446930122,637.0,1500000
2001-04,highland,159.5768310972196,29.44148097997818,78.52130680687405,489.0,1500000
2001-05,highland,298.3722222162187,29.549750227143928,80.42932099165029,2600.0,1500000
2001-06,highland,429.5526399422716,28.89621605353818,75.62895888849795,2950.0,1500000
2001-07,highland,412.9314232236895,27.31084191449429,82.91050098019845,3016.0,1500000
2001-08,highland,382.0604023171951,24.96688228347866,75.39754487130291,13042.0,1500000
2001-09,highland,241.54807391437808,22.430600460633034,83.42873066753499,5689.0,1500000
2001-10,highland,141.45622801260865,23.718121001762373,83.43708995033228,715.0,1500000
2001-11,highland,60.267478755472084,23.854983934707263,83.92506028844186,1164.0,1500000
2001-12,highland,30.84997233373482,25.15928697610408,83.42784634901908,171.0,1500000
2002-01,highland,34.51048440953889,28.289359651923053,74.36102143111847,271.0,1500000
2002-02,highland,62.6259386746882,29.514946585795627,83.53661907362115,387.0,1500000
2002-03,highland,96.36919402251837,28.7481866778904,76.81266922271729,1477.0,1500000
2002-04,highland,109.1822663001289,30.924709958577314,87.8549311554948,2563.0,1500000
2002-05,highland,301.14765073259036,30.627992314099785,74.63139180468788,1551.0,1500000
2002-06,highland,431.2133566229728,27.82208574219443,82.20441815060367,3545.0,1500000
2002-07,highland,438.19966885071665,27.612764492222805,81.72074394864684,1967.0,1500000
2002-08,highland,399.64408206265955,25.63368757805611,75.38325276386013,7296.0,1500000
2002-09,highland,254.55210462917643,24.45798764583218,80.29406957291006,7799.0,1500000
2002-10,highland,226.56329673905267,22.30131845674254,75.04153718144093,3426.0,1500000
2002-11,highland,45.83626950052079,23.26697424763497,76.27875109596116,346.0,1500000
2002-12,highland,26.32073844384862,25.651983174193404,82.67716860399418,421.0,1500000
2003-01,highland,22.096534552364176,27.098498403993663,73.88099550825567,142.0,1500000
2003-02,highland,0.0,28.109642549245777,80.62020163513289,153.0,1500000
2003-03,highland,39.43435435279658,29.61006956124712,76.50813951200173,1568.0,1500000
2003-04,highland,158.39091678607053,31.348847975980384,75.72073408426695,,1500000
2003-05,highland,287.4679664747457,29.671916203876037,78.90956387244171,2159.0,1500000
2003-06,highland,473.9844099237487,27.598389904826487,80.9476770157501,2301.0,1500000
2003-07,highland,392.5847484218385,27.35268686100397,83.31197259824417,4446.0,1500000
2003-08,highland,411.0759623005674,26.334371975970996,82.30001396956791,14128.0,1500000
2003-09,highland,275.3336589453466,24.056070002328,81.69352137001943,5351.0,1500000
2003-10,highland,192.33228630758566,23.41118086972774,79.22072507650913,1672.0,1500000
2003-11,highland,129.33957139646333,25.316983834437515,80.72244303591336,1237.0,1500000
2003-12,highland,0.0,24.285964390167173,75.95506580404582,722.0,1500000
2004-01,highland,0.0,27.820528801518336,78.71755703421496,117.0,1500000
2004-02,highland,12.508589082892833,28.5028551290617,78.49878594907632,423.0,1500000
2004-03,highland,73.60301063309858,27.913103266300126,88.57902354299802,778.0,1500000
2004-04,highland,121.7013556755434,30.35099549284623,82.85895777757389,687.0,1500000
2004-05,highland,312.2713826265231,30.501181431215127,81.85779315457674,1451.0,1500000
2004-06,highland,450.3479193781195,27.84826029800245,86.22060687493618,2521.0,1500000
2004-07,highland,532.4652264316086,27.794402679573807,78.46579172424532,2878.0,1500000
2004-08,highland,414.5333683028811,25.234696544170554,78.81096596152642,4401.0,1500000
2004-09,highland,250.7857559748573,23.59817626520939,74.35380506494553,7074.0,1500000
2004-10,highland,167.7152799764034,23.696916752290385,75.74724662214855,3259.0,1500000
2004-11,highland,95.10691780384997,23.910911649346808,75.81638094058732,983.0,1500000
2004-12,highland,64.80409909902073,25.911943660635824,90.49240295630582,500.0,1500000
2005-01,highland,24.446685832598078,26.849079956936333,82.61077734949689,719.0,1500000
2005-02,highland,49.358610890948704,28.616629602223497,80.46009359014887,252.0,1500000
2005-03,highland,96.28208371897591,29.263571934362297,81.82454484696305,652.0,1500000
2005-04,highland,174.1276778098673,30.068967025608515,83.89062649853439,369.0,1500000
2005-05,highland,154.39528326513528,29.21200568871799,83.92676648910107,1040.0,1500000
2005-06,highland,424.6874127610366,28.396140425664626,88.11596235365005,2891.0,1500000
2005-07,highland,447.3393868572838,26.273290567080263,79.6676203724443,2416.0,1500000
2005-08,highland,383.80025955012275,25.509007004184312,75.54682943661417,,1500000
2005-09,highland,278.5199564698496,24.137728205643782,81.56102762703146,4560.0,1500000
2005-10,highland,128.97396008786754,23.511051919534136,78.49592722687136,5061.0,1500000
2005-11,highland,31.353275565895082,24.042113024044284,80.61645770660213,358.0,1500000
2005-12,highland,83.73466826146527,25.753294166398632,79.68670083241012,156.0,1500000
2006-01,highland,2.0620495057048167,26.840490588756676,86.18159089674045,263.0,1500000
2006-02,highland,40.9748071511819,28.73092103270893,81.40375683256951,146.0,1500000
2006-03,highland,120.60554708450802,30.119584274661342,82.65655643561209,315.0,1500000
2006-04,highland,118.8355331746182,30.22921568374439,81.37190534727979,1261.0,1500000
2006-05,highland,346.4335073037688,31.68451642092317,80.20772896380456,3437.0,1500000
2006-06,highland,410.28881609878135,28.567001766595766,76.8794439379141,2530.0,1500000
2006-07,highland,498.4533701008452,26.58645273732225,74.51717464772705,7021.0,1500000
2006-08,highland,462.61919631758144,24.699436974811668,85.71903716938886,8161.0,1500000
2006-09,highland,284.7202924289142,23.28097964283346,76.92513170188873,4234.0,1500000
2006-10,highland,142.43262992898713,23.3182895434784,79.42666228546805,1828.0,1500000
2006-11,highland,19.497391803351142,25.16688630774237,76.68821707939927,1493.0,1500000
2006-12,highland,0.0,25.0645257325461,71.63902468280615,490.0,1500000
2007-01,highland,0.0,25.85918200830148,77.49698636094037,215.0,1500000
2007-02,highland,27.641923286091224,28.23771725340776,82.44596520014952,258.0,1500000
2007-03,highland,82.08768926488845,29.112438422152486,82.40162831401015,155.0,1500000
2007-04,highland,245.21580040059894,30.07120654004706,73.17877126662258,544.0,1500000
2007-05,highland,281.4561724458109,29.403653564920777,78.65905406718632,2932.0,1500000
2007-06,highland,382.5352372087356,28.190082138431386,83.8876455569495,6641.0,1500000
2007-07,highland,477.95352069076006,26.32949138585803,73.41813323761093,,1500000
2007-08,highland,472.12157205196735,24.722385263405798,82.47511996417184,6524.0,1500000
2007-09,highland,311.32554623699446,22.69428755173028,74.67216704649702,8027.0,1500000
2007-10,highland,74.25271463955332,24.1334604811363,82.4671257453551,2379.0,1500000
2007-11,highland,95.3735652170415,24.43568880930307,72.7509223233019,2002.0,1500000
2007-12,highland,13.187572324908427,25.165753818631895,76.81852973992261,255.0,1500000
2008-01,highland,35.36185450914116,25.68883996333355,86.69848760818864,182.0,1500000
2008-02,highland,135.26771211529393,28.19021070387064,76.85343189301133,286.0,1500000
2008-03,highland,138.51798001801478,30.488103571391445,83.07566847501832,525.0,1500000
2008-04,highland,96.68256189624339,30.213234380323552,78.71920318634707,2092.0,1500000
2008-05,highland,229.48020067337822,28.934069548792355,77.09679224993027,2632.0,1500000
2008-06,highland,412.3055204084853,28.01352451704999,82.99103617963922,1035.0,1500000
2008-07,highland,473.0989598524235,27.129975486879193,86.20314471950103,1222.0,1500000
2008-08,highland,441.99606232416113,24.066413625150588,79.71457734993362,11010.0,1500000
2008-09,highland,224.87612602925353,25.6240247763534,86.19111778965737,3883.0,1500000
2008-10,highland,162.45209016567304,23.738956406505707,87.54211383569185,6394.0,1500000
2008-11,highland,61.089880248699025,24.100913315654875,77.95560013760456,415.0,1500000
2008-12,highland,0.0,24.516383045983055,83.68745972531136,291.0,1500000
2009-01,highland,40.20945632577333,25.868412194724236,76.27293376324134,200.0,1500000
2009-02,highland,82.97062149495284,28.751951257112694,76.89926942919446,210.0,1500000
2009-03,highland,49.23720905318481,29.465064400194887,79.48704386547179,917.0,1500000
2009-04,highland,163.10139945253735,29.56000118738651,82.21574052255224,1603.0,1500000
2009-05,highland,242.86664599993202,29.771402151657586,82.24178695349273,2326.0,1500000
2009-06,highland,415.8018847866336,28.436529619457,80.22328412782454,7369.0,1500000
2009-07,highland,508.267984047852,27.470155037979936,81.06882434494003,3933.0,1500000
2009-08,highland,375.8791981707188,25.56806347745252,77.72307446270788,19231.0,1500000
2009-09,highland,209.79913158640153,24.787259795317812,75.8146387871445,3659.0,1500000
2009-10,highland,123.23270908432755,23.752261337261412,77.90676886873133,2845.0,1500000
2009-11,highland,129.87055567140806,25.18905494365971,81.41978689194539,653.0,1500000
2009-12,highland,46.50955992407077,25.114606080526595,84.01817236567398,415.0,1500000
2000-01,coast,16.2894908451916,26.79558239189823,75.45860395899703,,1500000
2000-02,coast,78.61806495935491,29.200538502432863,78.18422156641856,,1500000
2000-03,coast,52.17247446973182,29.839968561699987,76.96814381510796,566.0,1500000
2000-04,coast,70.19556242118466,29.68766378561077,79.59673236327238,3076.0,1500000
2000-05,coast,263.10668655696105,31.426424274750353,76.75001511699217,1052.0,1500000
2000-06,coast,458.75520499271187,29.179546881903967,85.29805805876073,4279.0,1500000
2000-07,coast,481.7173687632611,27.1662546006926,80.5739973355539,3402.0,1500000
2000-08,coast,503.0625270058885,24.686942387389198,79.75358465708891,,1500000
2000-09,coast,299.9986903805211,23.73212979128526,86.86562979599111,4914.0,1500000
2000-10,coast,66.67941394242769,22.6288886385813,84.2133027570922,5424.0,1500000
2000-11,coast,82.22676898442535,24.717043297279695,82.48376913910718,763.0,1500000
2000-12,coast,75.33281656317185,24.50899253694484,75.98008866717223,73.0,1500000
2001-01,coast,107.80388898278042,27.145955682520444,74.65648021824175,142.0,1500000
2001-02,coast,96.80431285983707,30.00550290502261,84.25489437273055,366.0,1500000
2001-03,coast,0.0,30.2794230029358,80.21783958165832,2651.0,1500000
2001-04,coast,75.04740423246606,30.583543476987437,80.21329312253602,955.0,1500000
2001-05,coast,266.48803561428895,30.290782839843505,74.92406134333382,533.0,1500000
2001-06,coast,468.8195772384619,29.434978374886043,77.14593875713253,1527.0,1500000
2001-07,coast,480.11144421740926,26.73612280145362,81.4699064399038,15024.0,1500000
2001-08,coast,397.93318560978025,25.143868335612343,83.67378492718903,12647.0,1500000
2001-09,coast,251.25616763530167,23.912354692275077,83.43086749011671,3842.0,1500000
2001-10,coast,108.41871055753087,22.482613676780566,77.58599402162886,1288.0,1500000
2001-11,coast,139.4560246564706,24.90324113982476,83.20229551467054,186.0,1500000
2001-12,coast,10.01973867274939,25.541648431015155,83.91710926277472,410.0,1500000
2002-01,coast,21.044053453500542,25.30725390385324,82.56962871348625,59.0,1500000
2002-02,coast,67.92460996256466,27.65956172075769,76.98949300618294,83.0,1500000
2002-03,coast,119.34415988284161,28.07814550235493,80.5138712182492,370.0,1500000
2002-04,coast,117.62924515606602,29.79597384990678,75.33153976016611,1076.0,1500000
2002-05,coast,260.4488265684446,30.15003216309939,82.74989753732014,3858.0,1500000
2002-06,coast,480.5811029046382,29.655026398743487,89.87746866645746,1766.0,1500000
2002-07,coast,434.699563625334,27.0446301008867,74.52820990014814,5779.0,1500000
2002-08,coast,415.17566998715944,26.55489834137577,79.57391628263579,6368.0,1500000
2002-09,coast,245.12816541394682,22.890851818575,78.4025397552541,16862.0,1500000
2002-10,coast,150.15007751404622,24.12001002938025,78.85011132840941,1875.0,1500000
2002-11,coast,42.52034582358388,23.55625468011629,75.94725483170824,999.0,1500000
2002-12,coast,18.744510615724558,25.668691325057946,78.55521608370353,30.0,1500000
2003-01,coast,71.149120856562,27.441035294282468,82.33619465919637,95.0,1500000
2003-02,coast,26.768998667031354,27.86392146788222,70.31179405930126,213.0,1500000
2003-03,coast,15.561046085949151,30.38641130945881,78.86031397350104,404.0,1500000
2003-04,coast,173.18215739467635,29.03462526531349,82.37395213402961,1642.0,1500000
2003-05,coast,252.54170580074097,30.20867755142601,82.61503892522884,219.0,1500000
2003-06,coast,448.1806687857496,28.898102245907797,83.62732476101067,4304.0,1500000
2003-07,coast,471.1175603018769,25.95277938066095,82.03820714540862,7239.0,1500000
2003-08,coast,435.47581431347163,24.950543897974576,82.35388774433147,5641.0,1500000
2003-09,coast,303.56103595616656,24.43017648677849,77.10389769713012,11933.0,1500000
2003-10,coast,173.5962557698593,23.243266757799383,74.23769053202237,2081.0,1500000
2003-11,coast,81.35289821886866,24.90734856046637,84.08095943567089,1321.0,1500000
2003-12,coast,86.28013734339696,25.192399225723285,78.69651761800175,930.0,1500000
2004-01,coast,68.52905325594591,27.713169644407554,80.44342227148535,171.0,1500000
2004-02,coast,58.34647665575784,28.353603309447692,78.33371141971121,287.0,1500000
2004-03,coast,95.75800160444288,29.76322743683147,76.34075368019931,1516.0,1500000
2004-04,coast,180.39918234884286,29.870647501865022,81.13762095385852,1249.0,1500000
2004-05,coast,342.4482375372901,29.227972954384963,78.25039526925187,786.0,1500000
2004-06,coast,421.29478613822,27.694038958416993,81.23090359472566,4849.0,1500000
2004-07,coast,448.66858516969216,27.1019971367592,76.73238178868668,4406.0,1500000
2004-08,coast,473.2027181956963,26.68545603336257,80.16190488064683,6784.0,1500000
2004-09,coast,308.88119129982493,24.50254566862371,76.53835596027653,9544.0,1500000
2004-10,coast,169.62990214974548,23.26334120042108,79.87801601102484,5666.0,1500000
2004-11,coast,85.61833102712284,24.391120679998988,82.43356809048213,544.0,1500000
2004-12,coast,57.321626628031524,24.24414964015073,78.83800507526608,169.0,1500000
2005-01,coast,0.0,26.25453677450727,77.619309461253,257.0,1500000
2005-02,coast,52.17342893489531,28.692965591128264,81.42526805658109,472.0,1500000
2005-03,coast,6.476042198477288,30.300040305229057,73.94333418486832,325.0,1500000
2005-04,coast,141.6766971757826,30.23111598039985,80.37636624549266,1274.0,1500000
2005-05,coast,334.82058836265696,30.07427899946959,80.24840588860509,2198.0,1500000
2005-06,coast,467.61707126031104,30.1577522056524,74.79460985720029,1930.0,1500000
2005-07,coast,539.3390339220307,28.131466724418402,76.38405139499409,10778.0,1500000
2005-08,coast,432.00781374488673,26.17914412216893,77.85169150217088,12688.0,1500000
2005-09,coast,295.4284477269441,23.751790136904415,86.20087820399736,6948.0,1500000
2005-10,coast,119.99793180299754,24.878930480162992,80.61383719336791,1792.0,1500000
2005-11,coast,37.1554744978382,23.6798506145424,89.58197673686693,1482.0,1500000
2005-12,coast,74.04256437248878,25.048983191608297,77.90595657770851,,1500000
2006-01,coast,28.23542726569434,28.274816807794508,82.20363558974628,228.0,1500000
2006-02,coast,82.77133622717136,29.055082000603054,76.89779151656518,803.0,1500000
2006-03,coast,16.011976228895506,29.83162659567053,77.65370210770321,340.0,1500000
2006-04,coast,143.98661222196847,28.955185690273844,74.38143417319799,2898.0,1500000
2006-05,coast,213.20985196456624,29.81323689681616,79.46698965966766,707.0,1500000
2006-06,coast,362.6023658142236,28.53015525470796,80.70526181719077,1727.0,1500000
2006-07,coast,446.1886483548749,26.7867320763105,76.94189167998465,1081.0,1500000
2006-08,coast,356.3994517889027,23.892381179703023,70.2535601032792,6551.0,1500000
2006-09,coast,329.2028741282893,24.49454222124628,83.96872174879839,2870.0,1500000
2006-10,coast,143.83234347216703,24.725322530044892,80.21218514186612,1408.0,1500000
2006-11,coast,62.06127075485156,24.26784519506426,83.99085957075128,1954.0,1500000
2006-12,coast,0.0,24.537398956363532,75.16434497951359,18.0,1500000
2007-01,coast,65.46207412445712,26.290756553330773,75.84527858765871,68.0,1500000
2007-02,coast,115.68576025377702,28.006233715090353,83.5985219748108,97.0,1500000
2007-03,coast,33.91160416916825,29.348124977704998,73.91651047495428,759.0,1500000
2007-04,coast,143.42811574907878,30.815852443510167,74.23721139468259,1024.0,1500000
2007-05,coast,294.88145114488543,29.329432364988012,80.39457244747175,2985.0,1500000
2007-06,coast,441.02218771659415,28.706968666045093,86.65484665505763,2382.0,1500000
2007-07,coast,467.2805948778719,28.209263568200786,74.56660129954699,4059.0,1500000
2007-08,coast,471.762411342934,23.934289162217663,81.11291424376182,8314.0,1500000
2007-09,coast,266.26509486509684,24.629209211174913,81.0269564049952,4207.0,1500000
2007-10,coast,126.55849805399106,23.556524362564172,76.96888214807392,8682.0,1500000
2007-11,coast,105.72900163928657,24.594770342706706,73.45401075500735,650.0,1500000
2007-12,coast,56.80346403247176,23.59110845841574,80.16683013918936,528.0,1500000
2008-01,coast,28.562658785561652,26.37900675284372,82.2710537563075,50.0,1500000
2008-02,coast,0.0,29.455431858673805,81.83613960636382,220.0,1500000
2008-03,coast,56.882441273869205,29.178802243854356,75.06920562046515,1309.0,1500000
2008-04,coast,76.43741200093964,31.050628785593467,80.29587597744886,414.0,1500000
2008-05,coast,362.0307252498756,29.576566159681466,76.3090263894997,2912.0,1500000
2008-06,coast,448.933727862713,29.22769774551257,88.37163434645599,2758.0,1500000
2008-07,coast,513.6882683176403,26.974391293196454,78.33050608861313,14666.0,1500000
2008-08,coast,379.89293950271554,25.218834221130386,79.47209470086811,5211.0,1500000
2008-09,coast,303.2843344148791,25.45925662474078,78.40409724427329,3196.0,1500000
2008-10,coast,145.3670385248809,24.335662742755225,75.83562361075411,,1500000
2008-11,coast,90.76660647489327,24.897468670051236,79.41551991497083,641.0,1500000
2008-12,coast,23.63220360761827,26.15083126606557,82.43460349933927,292.0,1500000
2009-01,coast,33.53025017307372,26.735114030002002,79.71719584911924,598.0,1500000
2009-02,coast,0.0,28.415515968372038,78.9922345196179,159.0,1500000
2009-03,coast,82.65753900288017,29.025537743521316,80.45102455496232,774.0,1500000
2009-04,coast,76.01627909523084,30.45944764632977,77.96488279716921,282.0,1500000
2009-05,coast,211.07916407931754,30.048420195229767,85.05189256238535,792.0,1500000
2009-06,coast,384.1471268197164,28.149471755511954,71.63496958817692,2635.0,1500000
2009-07,coast,470.1339335093376,28.06190158532431,79.22461628890376,2191.0,1500000
2009-08,coast,396.9251993041269,24.351475578269795,77.97961031199057,4817.0,1500000
2009-09,coast,289.7721810724747,24.101648191507984,80.57045615550828,5350.0,1500000
2009-10,coast,192.4784707779167,23.00537975006486,78.19170709626889,5742.0,1500000
2009-11,coast,49.81354033633468,25.38176475743556,76.12839724504528,469.0,1500000
2009-12,coast,68.30879648372806,24.320693403627377,78.7878441228893,1139.0,1500000
