time_period,location,rainfall,mean_temperature,disease_cases,population
2000-01,AN GIANG,25.292,26.21,114.0,2211544.01
2000-02,AN GIANG,27.859,26.87,73.0,2211544.01
2000-03,AN GIANG,79.686,27.92,63.0,2211544.01
2000-04,AN GIANG,166.533,27.59,127.0,2211544.01
2000-05,AN GIANG,182.47,27.37,301.0,2211544.01
2000-06,AN GIANG,256.345,26.48,383.0,2211544.01
2000-07,AN GIANG,183.634,26.55,375.0,2211544.01
2000-08,AN GIANG,237.97,26.54,585.0,2211544.01
2000-09,AN GIANG,198.228,26.72,423.0,2211544.01
2000-10,AN GIANG,367.548,26.07,330.0,2211544.01
2000-11,AN GIANG,151.672,26.1,245.0,2211544.01
2000-12,AN GIANG,127.691,25.68,221.0,2211544.01
2001-01,AN GIANG,46.183,25.53,178.0,2211544.01
2001-02,AN GIANG,33.959,26.58,176.0,2211544.01
2001-03,AN GIANG,139.248,27.48,148.0,2211544.01
2001-04,AN GIANG,121.248,28.18,187.0,2211544.01
2001-05,AN GIANG,133.78,27.78,408.0,2211544.01
2001-06,AN GIANG,238.535,26.83,641.0,2211544.01
2001-07,AN GIANG,191.575,26.96,599.0,2211544.01
2001-08,AN GIANG,229.253,26.72,579.0,2211544.01
2001-09,AN GIANG,240.789,26.82,531.0,2211544.01
2001-10,AN GIANG,347.679,26.33,328.0,2211544.01
2001-11,AN GIANG,56.477,25.91,155.0,2211544.01
2001-12,AN GIANG,25.314,26.49,97.0,2211544.01
2002-01,AN GIANG,0.971,26.35,76.0,2211544.01
2002-02,AN GIANG,1.089,27.57,39.0,2211544.01
2002-03,AN GIANG,4.937,29.36,29.0,2211544.01
2002-04,AN GIANG,45.73,30.11,77.0,2211544.01
2002-05,AN GIANG,128.884,29.23,111.0,2211544.01
2002-06,AN GIANG,185.71,27.42,162.0,2211544.01
2002-07,AN GIANG,105.228,28.05,264.0,2211544.01
2002-08,AN GIANG,257.939,26.81,222.0,2211544.01
2002-09,AN GIANG,223.399,26.69,198.0,2211544.01
2002-10,AN GIANG,244.795,26.8,250.0,2211544.01
2002-11,AN GIANG,160.143,26.42,165.0,2211544.01
2002-12,AN GIANG,69.345,26.72,159.0,2211544.01
2003-01,AN GIANG,1.391,25.87,107.0,2211544.01
2003-02,AN GIANG,2.559,27.47,55.0,2211544.01
2003-03,AN GIANG,20.684,29.29,81.0,2211544.01
2003-04,AN GIANG,29.186,30.62,96.0,2211544.01
2003-05,AN GIANG,222.803,27.71,119.0,2211544.01
2003-06,AN GIANG,164.5,27.42,145.0,2211544.01
2003-07,AN GIANG,294.56,26.66,166.0,2211544.01
2003-08,AN GIANG,267.292,27.04,251.0,2211544.01
2003-09,AN GIANG,276.254,26.46,245.0,2211544.01
2003-10,AN GIANG,425.143,25.97,213.0,2211544.01
2003-11,AN GIANG,96.283,26.96,179.0,2211544.01
2003-12,AN GIANG,10.343,26.2,161.0,2211544.01
2004-01,AN GIANG,4.738,26.95,84.0,2211544.01
2004-02,AN GIANG,3.36,26.88,110.0,2211544.01
2004-03,AN GIANG,13.953,28.93,202.0,2211544.01
2004-04,AN GIANG,49.808,30.31,226.0,2211544.01
2004-05,AN GIANG,161.575,28.19,217.0,2211544.01
2004-06,AN GIANG,237.58,26.87,264.0,2211544.01
2004-07,AN GIANG,228.311,26.76,658.0,2211544.01
2004-08,AN GIANG,213.121,26.77,743.0,2211544.01
2004-09,AN GIANG,255.779,26.71,868.0,2211544.01
2004-10,AN GIANG,167.933,26.45,635.0,2211544.01
2004-11,AN GIANG,86.865,27.0,655.0,2211544.01
2004-12,AN GIANG,1.6,26.35,621.0,2211544.01
2005-01,AN GIANG,2.883,25.93,257.0,2211544.01
2005-02,AN GIANG,0.675,27.67,107.0,2211544.01
2005-03,AN GIANG,13.734,28.53,143.0,2211544.01
2005-04,AN GIANG,31.213,30.19,231.0,2211544.01
2005-05,AN GIANG,195.405,28.24,180.0,2211544.01
2005-06,AN GIANG,156.085,27.56,130.0,2211544.01
2005-07,AN GIANG,248.319,26.57,252.0,2211544.01
2005-08,AN GIANG,173.413,27.22,384.0,2211544.01
2005-09,AN GIANG,224.83,26.8,399.0,2211544.01
2005-10,AN GIANG,328.072,26.48,275.0,2211544.01
2005-11,AN GIANG,145.697,26.23,237.0,2211544.01
2005-12,AN GIANG,101.638,24.95,252.0,2211544.01
2006-01,AN GIANG,17.484,25.91,209.0,2211544.01
2006-02,AN GIANG,12.733,27.54,61.0,2211544.01
2006-03,AN GIANG,42.984,28.27,94.0,2211544.01
2006-04,AN GIANG,124.369,28.27,134.0,2211544.01
2006-05,AN GIANG,233.801,27.27,170.0,2211544.01
2006-06,AN GIANG,269.949,26.79,186.0,2211544.01
2006-07,AN GIANG,192.135,26.7,217.0,2211544.01
2006-08,AN GIANG,264.117,26.58,350.0,2211544.01
2006-09,AN GIANG,301.331,26.53,228.0,2211544.01
2006-10,AN GIANG,234.01,26.47,316.0,2211544.01
2006-11,AN GIANG,48.568,27.32,223.0,2211544.01
2006-12,AN GIANG,12.468,27.36,587.0,2211544.01
2007-01,AN GIANG,52.642,26.18,297.0,2211544.01
2007-02,AN GIANG,4.213,26.77,139.0,2211544.01
2007-03,AN GIANG,69.901,28.12,152.0,2211544.01
2007-04,AN GIANG,108.313,29.08,395.0,2211544.01
2007-05,AN GIANG,238.331,27.17,771.0,2211544.01
2007-06,AN GIANG,275.355,27.22,1374.0,2211544.01
2007-07,AN GIANG,245.057,26.63,1327.0,2211544.01
2007-08,AN GIANG,218.112,26.74,1522.0,2211544.01
2007-09,AN GIANG,233.868,26.87,1328.0,2211544.01
2007-10,AN GIANG,347.016,26.11,703.0,2211544.01
2007-11,AN GIANG,126.402,25.29,534.0,2211544.01
2007-12,AN GIANG,20.984,26.51,291.0,2211544.01
2008-01,AN GIANG,17.165,26.58,224.0,2211544.01
2008-02,AN GIANG,14.454,27.07,93.0,2211544.01
2008-03,AN GIANG,52.779,27.83,103.0,2211544.01
2008-04,AN GIANG,148.374,28.28,75.0,2211544.01
2008-05,AN GIANG,279.232,26.66,76.0,2211544.01
2008-06,AN GIANG,196.101,26.82,181.0,2211544.01
2008-07,AN GIANG,228.479,26.85,200.0,2211544.01
2008-08,AN GIANG,231.844,26.73,153.0,2211544.01
2008-09,AN GIANG,348.715,26.48,252.0,2211544.01
2008-10,AN GIANG,283.67,26.59,247.0,2211544.01
2008-11,AN GIANG,211.664,25.66,273.0,2211544.01
2008-12,AN GIANG,87.39,25.35,239.0,2211544.01
2009-01,AN GIANG,5.395,24.36,137.0,2211544.01
2009-02,AN GIANG,53.178,26.55,120.0,2211544.01
2009-03,AN GIANG,79.27,28.2,109.0,2211544.01
2009-04,AN GIANG,145.633,28.29,144.0,2211544.01
2009-05,AN GIANG,265.844,26.87,290.0,2211544.01
2009-06,AN GIANG,162.784,27.26,348.0,2211544.01
2009-07,AN GIANG,198.606,27.04,251.0,2211544.01
2009-08,AN GIANG,207.155,27.43,445.0,2211544.01
2009-09,AN GIANG,263.102,26.56,688.0,2211544.01
2009-10,AN GIANG,210.621,26.44,571.0,2211544.01
2009-11,AN GIANG,43.534,26.89,586.0,2211544.01
2009-12,AN GIANG,20.058,26.75,461.0,2211544.01
2000-01,DAK LAK,34.409,21.64,7.0,2114170.98
2000-02,DAK LAK,35.191,22.21,13.0,2114170.98
2000-03,DAK LAK,33.276,24.15,18.0,2114170.98
2000-04,DAK LAK,146.428,25.3,1.0,2114170.98
2000-05,DAK LAK,242.794,25.47,40.0,2114170.98
2000-06,DAK LAK,163.75,24.42,55.0,2114170.98
2000-07,DAK LAK,181.898,24.05,29.0,2114170.98
2000-08,DAK LAK,178.226,24.34,9.0,2114170.98
2000-09,DAK LAK,171.106,23.74,18.0,2114170.98
2000-10,DAK LAK,302.809,23.28,12.0,2114170.98
2000-11,DAK LAK,105.042,22.31,46.0,2114170.98
2000-12,DAK LAK,126.268,21.38,8.0,2114170.98
2001-01,DAK LAK,30.598,21.93,14.0,2114170.98
2001-02,DAK LAK,13.139,22.52,14.0,2114170.98
2001-03,DAK LAK,123.206,24.48,13.0,2114170.98
2001-04,DAK LAK,43.128,26.65,14.0,2114170.98
2001-05,DAK LAK,165.776,26.05,30.0,2114170.98
2001-06,DAK LAK,145.521,24.85,31.0,2114170.98
2001-07,DAK LAK,107.934,25.23,52.0,2114170.98
2001-08,DAK LAK,239.22,24.16,92.0,2114170.98
2001-09,DAK LAK,134.215,24.65,70.0,2114170.98
2001-10,DAK LAK,178.416,23.82,107.0,2114170.98
2001-11,DAK LAK,114.396,21.66,89.0,2114170.98
2001-12,DAK LAK,82.769,21.1,52.0,2114170.98
2002-01,DAK LAK,12.39,21.16,7.0,2114170.98
2002-02,DAK LAK,7.944,22.29,5.0,2114170.98
2002-03,DAK LAK,15.254,25.36,6.0,2114170.98
2002-04,DAK LAK,31.41,27.0,21.0,2114170.98
2002-05,DAK LAK,128.919,27.01,15.0,2114170.98
2002-06,DAK LAK,172.273,25.58,10.0,2114170.98
2002-07,DAK LAK,91.809,25.98,150.0,2114170.98
2002-08,DAK LAK,314.584,24.0,150.0,2114170.98
2002-09,DAK LAK,267.234,23.66,61.0,2114170.98
2002-10,DAK LAK,118.836,23.72,112.0,2114170.98
2002-11,DAK LAK,154.619,22.77,102.0,2114170.98
2002-12,DAK LAK,64.188,22.76,75.0,2114170.98
2003-01,DAK LAK,9.439,20.94,33.0,2114170.98
2003-02,DAK LAK,10.382,23.17,14.0,2114170.98
2003-03,DAK LAK,24.115,25.45,4.0,2114170.98
2003-04,DAK LAK,24.432,27.61,15.0,2114170.98
2003-05,DAK LAK,210.642,25.5,24.0,2114170.98
2003-06,DAK LAK,161.507,25.25,53.0,2114170.98
2003-07,DAK LAK,185.025,24.62,75.0,2114170.98
2003-08,DAK LAK,135.111,24.87,62.0,2114170.98
2003-09,DAK LAK,209.787,24.23,119.0,2114170.98
2003-10,DAK LAK,152.152,23.25,142.0,2114170.98
2003-11,DAK LAK,80.225,23.07,88.0,2114170.98
2003-12,DAK LAK,45.172,20.66,36.0,2114170.98
2004-01,DAK LAK,13.692,21.71,4.0,2114170.98
2004-02,DAK LAK,2.194,22.92,4.0,2114170.98
2004-03,DAK LAK,20.514,25.37,4.0,2114170.98
2004-04,DAK LAK,69.728,26.69,21.0,2114170.98
2004-05,DAK LAK,137.442,26.32,166.0,2114170.98
2004-06,DAK LAK,179.669,24.85,269.0,2114170.98
2004-07,DAK LAK,193.817,24.72,345.0,2114170.98
2004-08,DAK LAK,147.992,24.44,440.0,2114170.98
2004-09,DAK LAK,142.387,24.26,805.0,2114170.98
2004-10,DAK LAK,42.7,23.65,253.0,2114170.98
2004-11,DAK LAK,37.184,23.43,149.0,2114170.98
2004-12,DAK LAK,25.308,21.26,23.0,2114170.98
2005-01,DAK LAK,5.577,21.79,5.0,2114170.98
2005-02,DAK LAK,6.482,25.06,2.0,2114170.98
2005-03,DAK LAK,13.726,24.85,6.0,2114170.98
2005-04,DAK LAK,57.836,26.84,14.0,2114170.98
2005-05,DAK LAK,142.592,26.58,8.0,2114170.98
2005-06,DAK LAK,113.217,25.97,10.0,2114170.98
2005-07,DAK LAK,193.876,24.55,32.0,2114170.98
2005-08,DAK LAK,184.965,24.4,80.0,2114170.98
2005-09,DAK LAK,319.285,23.78,62.0,2114170.98
2005-10,DAK LAK,155.611,23.6,36.0,2114170.98
2005-11,DAK LAK,90.923,22.93,28.0,2114170.98
2005-12,DAK LAK,268.153,20.54,14.0,2114170.98
2006-01,DAK LAK,27.582,21.42,3.0,2114170.98
2006-02,DAK LAK,18.444,22.78,6.0,2114170.98
2006-03,DAK LAK,50.256,24.59,5.0,2114170.98
2006-04,DAK LAK,109.018,26.24,4.0,2114170.98
2006-05,DAK LAK,165.673,25.9,3.0,2114170.98
2006-06,DAK LAK,162.866,25.37,7.0,2114170.98
2006-07,DAK LAK,331.771,24.31,15.0,2114170.98
2006-08,DAK LAK,281.128,23.9,21.0,2114170.98
2006-09,DAK LAK,215.945,23.86,24.0,2114170.98
2006-10,DAK LAK,116.877,23.47,21.0,2114170.98
2006-11,DAK LAK,48.757,23.78,12.0,2114170.98
2006-12,DAK LAK,38.576,22.14,7.0,2114170.98
2007-01,DAK LAK,35.638,21.2,7.0,2114170.98
2007-02,DAK LAK,4.466,23.51,3.0,2114170.98
2007-03,DAK LAK,50.044,25.4,2.0,2114170.98
2007-04,DAK LAK,50.261,26.41,2.0,2114170.98
2007-05,DAK LAK,232.825,25.06,3.0,2114170.98
2007-06,DAK LAK,175.396,25.33,7.0,2114170.98
2007-07,DAK LAK,193.457,24.5,25.0,2114170.98
2007-08,DAK LAK,448.686,24.08,25.0,2114170.98
2007-09,DAK LAK,276.673,24.06,29.0,2114170.98
2007-10,DAK LAK,258.354,22.95,24.0,2114170.98
2007-11,DAK LAK,298.925,21.2,20.0,2114170.98
2007-12,DAK LAK,28.01,21.57,9.0,2114170.98
2008-01,DAK LAK,78.596,21.2,8.0,2114170.98
2008-02,DAK LAK,37.376,20.54,5.0,2114170.98
2008-03,DAK LAK,39.206,23.33,5.0,2114170.98
2008-04,DAK LAK,57.016,25.7,1.0,2114170.98
2008-05,DAK LAK,215.919,24.48,3.0,2114170.98
2008-06,DAK LAK,122.791,25.14,9.0,2114170.98
2008-07,DAK LAK,158.489,24.69,31.0,2114170.98
2008-08,DAK LAK,185.009,24.21,27.0,2114170.98
2008-09,DAK LAK,226.425,23.78,84.0,2114170.98
2008-10,DAK LAK,225.908,23.71,126.0,2114170.98
2008-11,DAK LAK,186.141,22.23,72.0,2114170.98
2008-12,DAK LAK,97.133,20.74,46.0,2114170.98
2009-01,DAK LAK,23.551,19.54,14.0,2114170.98
2009-02,DAK LAK,15.666,23.28,8.0,2114170.98
2009-03,DAK LAK,44.364,25.28,11.0,2114170.98
2009-04,DAK LAK,233.144,25.01,10.0,2114170.98
2009-05,DAK LAK,178.699,24.25,22.0,2114170.98
2009-06,DAK LAK,98.669,25.07,46.0,2114170.98
2009-07,DAK LAK,191.31,24.47,104.0,2114170.98
2009-08,DAK LAK,180.089,24.9,94.0,2114170.98
2009-09,DAK LAK,514.158,23.37,210.0,2114170.98
2009-10,DAK LAK,207.3,23.35,130.0,2114170.98
2009-11,DAK LAK,174.387,22.46,78.0,2114170.98
2009-12,DAK LAK,16.394,21.74,44.0,2114170.98
2000-01,HA GIANG,85.106,12.96,0.0,879206.59
2000-02,HA GIANG,73.297,12.12,0.0,879206.59
2000-03,HA GIANG,112.445,17.08,0.0,879206.59
2000-04,HA GIANG,153.254,20.82,0.0,879206.59
2000-05,HA GIANG,214.195,22.4,0.0,879206.59
2000-06,HA GIANG,271.805,22.95,0.0,879206.59
2000-07,HA GIANG,324.751,23.98,0.0,879206.59
2000-08,HA GIANG,254.211,23.88,14.0,879206.59
2000-09,HA GIANG,162.104,22.28,0.0,879206.59
2000-10,HA GIANG,218.109,20.22,0.0,879206.59
2000-11,HA GIANG,51.251,16.31,1.0,879206.59
2000-12,HA GIANG,64.08,14.43,0.0,879206.59
2001-01,HA GIANG,70.158,13.49,0.0,879206.59
2001-02,HA GIANG,73.224,13.26,0.0,879206.59
2001-03,HA GIANG,99.282,17.5,0.0,879206.59
2001-04,HA GIANG,122.045,21.15,0.0,879206.59
2001-05,HA GIANG,273.273,22.09,0.0,879206.59
2001-06,HA GIANG,366.715,23.7,0.0,879206.59
2001-07,HA GIANG,455.993,23.96,0.0,879206.59
2001-08,HA GIANG,258.515,23.9,0.0,879206.59
2001-09,HA GIANG,114.212,23.46,0.0,879206.59
2001-10,HA GIANG,150.68,20.71,0.0,879206.59
2001-11,HA GIANG,46.882,15.87,0.0,879206.59
2001-12,HA GIANG,36.003,13.35,0.0,879206.59
2002-01,HA GIANG,44.814,12.86,0.0,879206.59
2002-02,HA GIANG,84.619,15.07,0.0,879206.59
2002-03,HA GIANG,109.069,18.21,0.0,879206.59
2002-04,HA GIANG,201.534,21.7,0.0,879206.59
2002-05,HA GIANG,387.362,22.31,0.0,879206.59
2002-06,HA GIANG,416.583,23.73,0.0,879206.59
2002-07,HA GIANG,389.674,24.4,0.0,879206.59
2002-08,HA GIANG,299.641,23.28,0.0,879206.59
2002-09,HA GIANG,103.263,23.0,0.0,879206.59
2002-10,HA GIANG,100.961,20.54,0.0,879206.59
2002-11,HA GIANG,63.326,16.56,0.0,879206.59
2002-12,HA GIANG,94.387,13.6,0.0,879206.59
2003-01,HA GIANG,71.906,12.11,0.0,879206.59
2003-02,HA GIANG,123.93,15.96,0.0,879206.59
2003-03,HA GIANG,79.502,17.62,0.0,879206.59
2003-04,HA GIANG,134.417,21.87,0.0,879206.59
2003-05,HA GIANG,330.532,23.19,0.0,879206.59
2003-06,HA GIANG,361.748,23.87,0.0,879206.59
2003-07,HA GIANG,303.752,24.1,0.0,879206.59
2003-08,HA GIANG,330.163,24.25,0.0,879206.59
2003-09,HA GIANG,168.285,22.61,0.0,879206.59
2003-10,HA GIANG,124.007,20.66,0.0,879206.59
2003-11,HA GIANG,50.925,17.24,0.0,879206.59
2003-12,HA GIANG,68.6,12.9,0.0,879206.59
2004-01,HA GIANG,74.672,12.04,0.0,879206.59
2004-02,HA GIANG,58.209,13.77,0.0,879206.59
2004-03,HA GIANG,82.807,17.22,0.0,879206.59
2004-04,HA GIANG,195.055,20.38,2.0,879206.59
2004-05,HA GIANG,286.066,21.68,0.0,879206.59
2004-06,HA GIANG,198.1,23.8,0.0,879206.59
2004-07,HA GIANG,344.261,23.65,0.0,879206.59
2004-08,HA GIANG,249.576,24.25,0.0,879206.59
2004-09,HA GIANG,119.923,22.75,0.0,879206.59
2004-10,HA GIANG,23.014,20.38,0.0,879206.59
2004-11,HA GIANG,112.185,17.18,0.0,879206.59
2004-12,HA GIANG,53.744,13.26,0.0,879206.59
2005-01,HA GIANG,76.59,11.71,0.0,879206.59
2005-02,HA GIANG,78.433,14.78,0.0,879206.59
2005-03,HA GIANG,89.28,15.76,0.0,879206.59
2005-04,HA GIANG,123.303,20.71,0.0,879206.59
2005-05,HA GIANG,212.161,24.49,0.0,879206.59
2005-06,HA GIANG,400.005,24.26,0.0,879206.59
2005-07,HA GIANG,320.813,23.9,0.0,879206.59
2005-08,HA GIANG,305.673,23.47,0.0,879206.59
2005-09,HA GIANG,154.669,23.39,0.0,879206.59
2005-10,HA GIANG,76.671,20.49,0.0,879206.59
2005-11,HA GIANG,102.187,17.51,0.0,879206.59
2005-12,HA GIANG,52.38,11.97,0.0,879206.59
2006-01,HA GIANG,66.613,12.88,0.0,879206.59
2006-02,HA GIANG,97.163,13.95,0.0,879206.59
2006-03,HA GIANG,89.921,17.12,0.0,879206.59
2006-04,HA GIANG,102.237,21.46,0.0,879206.59
2006-05,HA GIANG,264.279,22.29,0.0,879206.59
2006-06,HA GIANG,392.176,23.78,0.0,879206.59
2006-07,HA GIANG,375.391,24.46,0.0,879206.59
2006-08,HA GIANG,449.257,23.45,0.0,879206.59
2006-09,HA GIANG,83.828,22.74,0.0,879206.59
2006-10,HA GIANG,130.765,21.65,0.0,879206.59
2006-11,HA GIANG,102.553,18.59,0.0,879206.59
2006-12,HA GIANG,43.568,13.06,0.0,879206.59
2007-01,HA GIANG,67.188,11.37,0.0,879206.59
2007-02,HA GIANG,142.48,16.61,0.0,879206.59
2007-03,HA GIANG,118.35,18.04,0.0,879206.59
2007-04,HA GIANG,165.71,19.4,0.0,879206.59
2007-05,HA GIANG,155.1,22.36,0.0,879206.59
2007-06,HA GIANG,358.417,24.16,0.0,879206.59
2007-07,HA GIANG,510.806,23.7,0.0,879206.59
2007-08,HA GIANG,252.178,24.32,0.0,879206.59
2007-09,HA GIANG,239.556,22.18,0.0,879206.59
2007-10,HA GIANG,56.925,20.86,0.0,879206.59
2007-11,HA GIANG,29.913,16.11,0.0,879206.59
2007-12,HA GIANG,92.469,14.58,0.0,879206.59
2008-01,HA GIANG,64.196,10.93,0.0,879206.59
2008-02,HA GIANG,50.659,9.13,0.0,879206.59
2008-03,HA GIANG,100.786,17.51,0.0,879206.59
2008-04,HA GIANG,132.431,21.23,0.0,879206.59
2008-05,HA GIANG,248.511,22.37,0.0,879206.59
2008-06,HA GIANG,395.314,23.45,0.0,879206.59
2008-07,HA GIANG,384.593,23.63,0.0,879206.59
2008-08,HA GIANG,389.434,23.61,0.0,879206.59
2008-09,HA GIANG,251.815,23.54,0.0,879206.59
2008-10,HA GIANG,205.811,21.48,0.0,879206.59
2008-11,HA GIANG,169.87,15.51,0.0,879206.59
2008-12,HA GIANG,21.891,12.83,0.0,879206.59
2009-01,HA GIANG,34.283,11.07,0.0,879206.59
2009-02,HA GIANG,71.696,18.0,0.0,879206.59
2009-03,HA GIANG,73.857,17.72,0.0,879206.59
2009-04,HA GIANG,178.605,20.56,0.0,879206.59
2009-05,HA GIANG,340.864,22.01,0.0,879206.59
2009-06,HA GIANG,355.356,24.24,0.0,879206.59
2009-07,HA GIANG,329.577,24.11,0.0,879206.59
2009-08,HA GIANG,173.38,24.76,0.0,879206.59
2009-09,HA GIANG,82.296,24.05,0.0,879206.59
2009-10,HA GIANG,80.054,21.87,0.0,879206.59
2009-11,HA GIANG,35.346,15.79,0.0,879206.59
2009-12,HA GIANG,69.87,13.9,0.0,879206.59
2000-01,KHANH HOA,119.439,21.88,47.0,2922.28
2000-02,KHANH HOA,88.209,22.07,35.0,2922.28
2000-03,KHANH HOA,51.343,23.67,62.0,2922.28
2000-04,KHANH HOA,116.791,25.28,37.0,2922.28
2000-05,KHANH HOA,216.913,26.33,77.0,2922.28
2000-06,KHANH HOA,193.634,25.6,50.0,2922.28
2000-07,KHANH HOA,137.547,25.89,55.0,2922.28
2000-08,KHANH HOA,129.956,26.4,79.0,2922.28
2000-09,KHANH HOA,179.163,25.31,49.0,2922.28
2000-10,KHANH HOA,416.77,24.08,81.0,2922.28
2000-11,KHANH HOA,293.025,22.81,70.0,2922.28
2000-12,KHANH HOA,454.832,21.92,112.0,2922.28
2001-01,KHANH HOA,112.732,21.94,34.0,2922.28
2001-02,KHANH HOA,36.012,22.04,56.0,2922.28
2001-03,KHANH HOA,178.325,23.67,49.0,2922.28
2001-04,KHANH HOA,56.04,25.78,41.0,2922.28
2001-05,KHANH HOA,208.87,26.44,57.0,2922.28
2001-06,KHANH HOA,151.675,26.25,118.0,2922.28
2001-07,KHANH HOA,91.42,27.34,173.0,2922.28
2001-08,KHANH HOA,166.27,26.22,141.0,2922.28
2001-09,KHANH HOA,202.402,26.15,151.0,2922.28
2001-10,KHANH HOA,242.308,24.15,115.0,2922.28
2001-11,KHANH HOA,176.157,22.43,96.0,2922.28
2001-12,KHANH HOA,208.568,21.61,90.0,2922.28
2002-01,KHANH HOA,42.491,21.11,64.0,2922.28
2002-02,KHANH HOA,26.557,21.71,49.0,2922.28
2002-03,KHANH HOA,21.143,24.17,52.0,2922.28
2002-04,KHANH HOA,41.374,25.88,30.0,2922.28
2002-05,KHANH HOA,155.936,27.12,56.0,2922.28
2002-06,KHANH HOA,146.437,27.02,55.0,2922.28
2002-07,KHANH HOA,74.25,28.28,75.0,2922.28
2002-08,KHANH HOA,236.61,25.97,83.0,2922.28
2002-09,KHANH HOA,300.723,25.18,61.0,2922.28
2002-10,KHANH HOA,223.161,24.16,327.0,2922.28
2002-11,KHANH HOA,454.144,23.07,173.0,2922.28
2002-12,KHANH HOA,200.631,22.86,169.0,2922.28
2003-01,KHANH HOA,33.488,21.03,68.0,2922.28
2003-02,KHANH HOA,43.74,22.49,46.0,2922.28
2003-03,KHANH HOA,67.181,24.11,34.0,2922.28
2003-04,KHANH HOA,19.596,26.35,44.0,2922.28
2003-05,KHANH HOA,190.696,26.26,73.0,2922.28
2003-06,KHANH HOA,196.415,26.64,55.0,2922.28
2003-07,KHANH HOA,158.635,26.02,108.0,2922.28
2003-08,KHANH HOA,119.869,26.98,38.0,2922.28
2003-09,KHANH HOA,237.122,25.81,40.0,2922.28
2003-10,KHANH HOA,288.006,23.78,11.0,2922.28
2003-11,KHANH HOA,193.136,23.27,31.0,2922.28
2003-12,KHANH HOA,158.268,20.97,42.0,2922.28
2004-01,KHANH HOA,51.043,21.33,69.0,2922.28
2004-02,KHANH HOA,7.804,21.96,41.0,2922.28
2004-03,KHANH HOA,43.236,24.11,39.0,2922.28
2004-04,KHANH HOA,59.554,26.09,108.0,2922.28
2004-05,KHANH HOA,190.67,26.33,93.0,2922.28
2004-06,KHANH HOA,208.517,25.98,161.0,2922.28
2004-07,KHANH HOA,184.233,26.27,409.0,2922.28
2004-08,KHANH HOA,109.592,26.78,129.0,2922.28
2004-09,KHANH HOA,190.134,25.53,146.0,2922.28
2004-10,KHANH HOA,108.037,23.7,134.0,2922.28
2004-11,KHANH HOA,121.042,23.14,119.0,2922.28
2004-12,KHANH HOA,75.29,21.34,154.0,2922.28
2005-01,KHANH HOA,24.1,21.29,87.0,2922.28
2005-02,KHANH HOA,24.286,23.61,57.0,2922.28
2005-03,KHANH HOA,62.475,23.42,63.0,2922.28
2005-04,KHANH HOA,39.42,25.87,89.0,2922.28
2005-05,KHANH HOA,147.23,27.35,220.0,2922.28
2005-06,KHANH HOA,183.39,27.48,343.0,2922.28
2005-07,KHANH HOA,166.827,26.18,661.0,2922.28
2005-08,KHANH HOA,95.395,27.0,1052.0,2922.28
2005-09,KHANH HOA,356.636,25.36,748.0,2922.28
2005-10,KHANH HOA,300.629,24.1,1165.0,2922.28
2005-11,KHANH HOA,245.953,23.28,687.0,2922.28
2005-12,KHANH HOA,851.438,21.2,190.0,2922.28
2006-01,KHANH HOA,79.918,21.57,94.0,2922.28
2006-02,KHANH HOA,64.8,22.5,62.0,2922.28
2006-03,KHANH HOA,128.298,23.77,86.0,2922.28
2006-04,KHANH HOA,61.862,25.82,77.0,2922.28
2006-05,KHANH HOA,154.582,26.36,51.0,2922.28
2006-06,KHANH HOA,167.12,26.48,81.0,2922.28
2006-07,KHANH HOA,222.472,26.44,213.0,2922.28
2006-08,KHANH HOA,180.097,26.2,50.0,2922.28
2006-09,KHANH HOA,326.131,25.27,47.0,2922.28
2006-10,KHANH HOA,214.034,24.16,43.0,2922.28
2006-11,KHANH HOA,134.575,23.73,118.0,2922.28
2006-12,KHANH HOA,126.86,22.08,131.0,2922.28
2007-01,KHANH HOA,124.242,21.11,113.0,2922.28
2007-02,KHANH HOA,16.387,22.28,82.0,2922.28
2007-03,KHANH HOA,92.071,24.15,93.0,2922.28
2007-04,KHANH HOA,72.189,25.45,114.0,2922.28
2007-05,KHANH HOA,258.132,25.58,230.0,2922.28
2007-06,KHANH HOA,157.296,26.32,330.0,2922.28
2007-07,KHANH HOA,121.627,26.21,548.0,2922.28
2007-08,KHANH HOA,295.872,25.89,412.0,2922.28
2007-09,KHANH HOA,248.569,25.42,367.0,2922.28
2007-10,KHANH HOA,450.272,23.88,395.0,2922.28
2007-11,KHANH HOA,565.382,22.0,354.0,2922.28
2007-12,KHANH HOA,97.107,22.04,334.0,2922.28
2008-01,KHANH HOA,263.389,21.39,242.0,2922.28
2008-02,KHANH HOA,82.996,20.86,128.0,2922.28
2008-03,KHANH HOA,44.597,22.83,111.0,2922.28
2008-04,KHANH HOA,78.138,25.25,154.0,2922.28
2008-05,KHANH HOA,342.84,25.51,211.0,2922.28
2008-06,KHANH HOA,135.906,26.19,303.0,2922.28
2008-07,KHANH HOA,203.952,26.12,335.0,2922.28
2008-08,KHANH HOA,142.647,25.99,291.0,2922.28
2008-09,KHANH HOA,218.501,25.27,235.0,2922.28
2008-10,KHANH HOA,273.765,24.4,360.0,2922.28
2008-11,KHANH HOA,536.858,22.66,346.0,2922.28
2008-12,KHANH HOA,287.54,21.45,295.0,2922.28
2009-01,KHANH HOA,78.475,20.1,189.0,2922.28
2009-02,KHANH HOA,29.386,22.99,149.0,2922.28
2009-03,KHANH HOA,61.477,24.79,88.0,2922.28
2009-04,KHANH HOA,372.429,25.17,113.0,2922.28
2009-05,KHANH HOA,316.254,24.88,144.0,2922.28
2009-06,KHANH HOA,92.767,26.77,339.0,2922.28
2009-07,KHANH HOA,155.617,26.4,317.0,2922.28
2009-08,KHANH HOA,150.17,26.7,238.0,2922.28
2009-09,KHANH HOA,294.64,25.4,150.0,2922.28
2009-10,KHANH HOA,238.683,24.32,143.0,2922.28
2009-11,KHANH HOA,336.904,23.03,201.0,2922.28
2009-12,KHANH HOA,53.464,21.94,182.0,2922.28
